﻿<?xml version="1.0" encoding="utf-8"?>
<AF xmlns:xsi="http://www.w3.org/2001/XMLSchema-instance" xsi:noNamespaceSchemaLocation="OSIsoft.AF.xsd" SchemaVersion="2.0" SoftwareVersion="2.9.5.8352" ExportMode="NoUniqueID" PISystem="BKZTKDSAS32" Database="DEM" Description="Database for t he well field management" Created="2019-02-05T03:19:20.2000421Z" id="adaaa37c-e6fa-48a7-aeeb-0848fc86bac7" ParentKey="adaaa37c-e6fa-48a7-aeeb-0848fc86bac7" ExportedObject="EnumerationSets" ExportedType="AFEnumerationSets" Identity="EnumerationSets">
  <AFEnumerationSet>
    <Name>CELL_LEVELS</Name>
    <Description>Level of the technolgical cell</Description>
    <AFEnumerationValue>
      <Name>A</Name>
      <Value>1</Value>
      <Description>Deeper level</Description>
    </AFEnumerationValue>
    <AFEnumerationValue>
      <Name>B</Name>
      <Value>2</Value>
      <Description>Intermediate level</Description>
    </AFEnumerationValue>
    <AFEnumerationValue>
      <Name>C</Name>
      <Value>3</Value>
      <Description>Narrow level</Description>
    </AFEnumerationValue>
  </AFEnumerationSet>
  <AFEnumerationSet>
    <Name>CONNECTED_TO_PLANT</Name>
    <AFEnumerationValue>
      <Name>Not connected</Name>
      <Value>0</Value>
      <Description>Not connected</Description>
    </AFEnumerationValue>
    <AFEnumerationValue>
      <Name>PR - MKM_new</Name>
      <Value>8</Value>
    </AFEnumerationValue>
    <AFEnumerationValue>
      <Name>PR - MKM_new + VR - MKM_new</Name>
      <Value>72</Value>
    </AFEnumerationValue>
    <AFEnumerationValue>
      <Name>PR - MKM_new + VR - MKM_old</Name>
      <Value>40</Value>
    </AFEnumerationValue>
    <AFEnumerationValue>
      <Name>PR - MKM_new + VR - TKD</Name>
      <Value>24</Value>
    </AFEnumerationValue>
    <AFEnumerationValue>
      <Name>PR - MKM_old</Name>
      <Value>4</Value>
    </AFEnumerationValue>
    <AFEnumerationValue>
      <Name>PR - MKM_old + VR - MKM_new</Name>
      <Value>68</Value>
    </AFEnumerationValue>
    <AFEnumerationValue>
      <Name>PR - MKM_old + VR - MKM_old</Name>
      <Value>36</Value>
    </AFEnumerationValue>
    <AFEnumerationValue>
      <Name>PR - MKM_old + VR - TKD</Name>
      <Value>20</Value>
    </AFEnumerationValue>
    <AFEnumerationValue>
      <Name>PR - TKD</Name>
      <Value>2</Value>
    </AFEnumerationValue>
    <AFEnumerationValue>
      <Name>PR - TKD + VR - MKM_new</Name>
      <Value>66</Value>
    </AFEnumerationValue>
    <AFEnumerationValue>
      <Name>PR - TKD + VR - MKM_old</Name>
      <Value>34</Value>
    </AFEnumerationValue>
    <AFEnumerationValue>
      <Name>PR - TKD + VR - TKD</Name>
      <Value>18</Value>
    </AFEnumerationValue>
    <AFEnumerationValue>
      <Name>Recirculation</Name>
      <Value>1</Value>
      <Description>Recirculation</Description>
    </AFEnumerationValue>
    <AFEnumerationValue>
      <Name>VR - MKM_new</Name>
      <Value>64</Value>
    </AFEnumerationValue>
    <AFEnumerationValue>
      <Name>VR - MKM_old</Name>
      <Value>32</Value>
    </AFEnumerationValue>
    <AFEnumerationValue>
      <Name>VR - TKD</Name>
      <Value>16</Value>
    </AFEnumerationValue>
  </AFEnumerationSet>
  <AFEnumerationSet>
    <Name>CT_H2SO4_CONCENTRATION</Name>
    <AFEnumerationValue>
      <Name>10 g/l</Name>
      <Value>10</Value>
    </AFEnumerationValue>
    <AFEnumerationValue>
      <Name>15 g/l</Name>
      <Value>15</Value>
    </AFEnumerationValue>
    <AFEnumerationValue>
      <Name>20 g/l</Name>
      <Value>20</Value>
    </AFEnumerationValue>
  </AFEnumerationSet>
  <AFEnumerationSet>
    <Name>MAGISTRAL_ALLOCATION</Name>
    <AFEnumerationValue>
      <Name>MKMnew</Name>
      <Value>10</Value>
    </AFEnumerationValue>
    <AFEnumerationValue>
      <Name>MKMold</Name>
      <Value>11</Value>
    </AFEnumerationValue>
    <AFEnumerationValue>
      <Name>Not connected</Name>
      <Value>0</Value>
    </AFEnumerationValue>
    <AFEnumerationValue>
      <Name>Recirculation</Name>
      <Value>1</Value>
    </AFEnumerationValue>
    <AFEnumerationValue>
      <Name>STPilot</Name>
      <Value>12</Value>
    </AFEnumerationValue>
    <AFEnumerationValue>
      <Name>TKDPlant</Name>
      <Value>13</Value>
    </AFEnumerationValue>
  </AFEnumerationSet>
  <AFEnumerationSet>
    <Name>RVR_DIAMETER</Name>
    <AFEnumerationValue>
      <Name>43 mm</Name>
      <Value>43</Value>
    </AFEnumerationValue>
    <AFEnumerationValue>
      <Name>90 mm</Name>
      <Value>90</Value>
    </AFEnumerationValue>
  </AFEnumerationSet>
  <AFEnumerationSet>
    <Name>RVR_TYPE</Name>
    <AFEnumerationValue>
      <Name>Airlift</Name>
      <Value>3</Value>
      <Description>Airlift</Description>
    </AFEnumerationValue>
    <AFEnumerationValue>
      <Name>Hydropulse</Name>
      <Value>4</Value>
      <Description>Hydropulse</Description>
    </AFEnumerationValue>
    <AFEnumerationValue>
      <Name>Standard</Name>
      <Value>1</Value>
      <Description>Swabbing + Jetting + Airlift</Description>
    </AFEnumerationValue>
    <AFEnumerationValue>
      <Name>Swabbing + Jetting</Name>
      <Value>2</Value>
      <Description>Swabbing + Jetting</Description>
    </AFEnumerationValue>
    <AFEnumerationValue>
      <Name>WASP</Name>
      <Value>5</Value>
      <Description>WASP</Description>
    </AFEnumerationValue>
  </AFEnumerationSet>
  <AFEnumerationSet>
    <Name>TUZ_ALLOCATION</Name>
    <AFEnumerationValue>
      <Name>Acidification</Name>
      <Value>2</Value>
    </AFEnumerationValue>
    <AFEnumerationValue>
      <Name>M1</Name>
      <Value>10</Value>
    </AFEnumerationValue>
    <AFEnumerationValue>
      <Name>M2</Name>
      <Value>11</Value>
    </AFEnumerationValue>
    <AFEnumerationValue>
      <Name>M3</Name>
      <Value>12</Value>
    </AFEnumerationValue>
    <AFEnumerationValue>
      <Name>M4</Name>
      <Value>13</Value>
    </AFEnumerationValue>
    <AFEnumerationValue>
      <Name>M5</Name>
      <Value>14</Value>
    </AFEnumerationValue>
    <AFEnumerationValue>
      <Name>M6</Name>
      <Value>15</Value>
    </AFEnumerationValue>
    <AFEnumerationValue>
      <Name>Not connected</Name>
      <Value>0</Value>
    </AFEnumerationValue>
    <AFEnumerationValue>
      <Name>Recirculation</Name>
      <Value>1</Value>
    </AFEnumerationValue>
    <AFEnumerationValue>
      <Name>ST1</Name>
      <Value>16</Value>
    </AFEnumerationValue>
    <AFEnumerationValue>
      <Name>TN1</Name>
      <Value>17</Value>
    </AFEnumerationValue>
    <AFEnumerationValue>
      <Name>TN2</Name>
      <Value>18</Value>
    </AFEnumerationValue>
    <AFEnumerationValue>
      <Name>TN3</Name>
      <Value>19</Value>
    </AFEnumerationValue>
    <AFEnumerationValue>
      <Name>TS1</Name>
      <Value>20</Value>
    </AFEnumerationValue>
    <AFEnumerationValue>
      <Name>TS2</Name>
      <Value>21</Value>
    </AFEnumerationValue>
    <AFEnumerationValue>
      <Name>TS3</Name>
      <Value>22</Value>
    </AFEnumerationValue>
  </AFEnumerationSet>
  <AFEnumerationSet>
    <Name>WELL_STATUS</Name>
    <Description>Status of the technological well</Description>
    <AFEnumerationValue>
      <Name>Broken</Name>
      <Value>2</Value>
      <Description>The well is broken</Description>
    </AFEnumerationValue>
    <AFEnumerationValue>
      <Name>Liquided</Name>
      <Value>3</Value>
      <Description>The well is deprecated</Description>
    </AFEnumerationValue>
    <AFEnumerationValue>
      <Name>Stopped</Name>
      <Value>1</Value>
      <Description>The well is stopped</Description>
    </AFEnumerationValue>
    <AFEnumerationValue>
      <Name>Working</Name>
      <Value>0</Value>
      <Description>The well is working normally</Description>
    </AFEnumerationValue>
  </AFEnumerationSet>
</AF>